,idx,parameter,ac1,ac2
0,0,"('Sarsa', 100, 50, 1, 0.1, 0, 0.1, 0.1, 0, 0.1, 1, 0.5)",0.48333,0.89714
1,1,"('QLearning', 100, 50, 1, 0.1, 0, 0.1, 0.1, 0, 0.1, 1, 0.5)",0.46683,0.89349
